ID,Final.label,ATM.final.status,BCS
1_9,ATM,MUT_CN,2
1_97,ATM,CN,4
1.16,ATM,MUT_CN,0
1.24,TP53,MUT,1
1.33,ATM,MUT,0
1.39,ATM,CN,1
1.5,ATM,MUT_CN,2
1.51,TP53,MUT_CN,4
1.61,ATM,CN,4
1.64,ATM,MUT_CN,6
1.85,ATM,CN,1
1.86,ATM,CN,0
1.87,WT,WT,3
1.88,ATM,CN,4
10.36089.A1,ATM,MUT_CN,7
47.022,TP53,MUT_CN,5
47.023,TP53,MUT,0
47.024,ATM,MUT,5
47.025,ATM,CN,5
47.027,ATM,MUT_CN,1
47.029,ATM,MUT,3
47.3,WT,WT,5
GROUP4.1,ATM,MUT_CN,2
GROUP4.10,WT,WT,3
GROUP4.11,TP53,MUT,2
GROUP4.2,ATM,MUT_CN,1
GROUP4.3,WT,WT,0
GROUP4.4,ATM,MUT_CN,3
GROUP4.6,TP53,MUT,1
GROUP4.7,ATM,MUT_CN,1
GROUP4.8,WT,WT,0
GROUP4.9,ATM,MUT_CN,1
GROUP5.1,ATM,MUT,4
GROUP5.10,WT,WT,0
GROUP5.2,ATM,CN,2
GROUP5.3,ATM,CN,2
GROUP5.5,ATM,CN,0
GROUP5.6,ATM,MUT_CN,0
GROUP5.7,WT,WT,5
GROUP5.9,ATM,MUT_CN,0
GROUP6.1,ATM,CN,1
GROUP6.2,ATM,MUT,6
GROUP6.3,ATM,MUT_CN,3
GROUP6.4,ATM,MUT,4
GROUP7.1,ATM,MUT_CN,2
GROUP7.11,WT,WT,1
GROUP7.13,ATM,MUT_CN,7
GROUP7.14,TP53,MUT_CN,3
GROUP7.17,ATM,MUT_CN,0
GROUP7.19,ATM,MUT_CN,7
GROUP7.2,TP53,MUT_CN,5
GROUP7.20,WT,WT,0
GROUP7.22,ATM,CN,0
GROUP7.3,ATM,CN,1
GROUP7.5,WT,WT,1
GROUP7.6,ATM,MUT_CN,2
GROUP7.9,WT,WT,1
HUMC.10,TP53,MUT_CN,1
HUMC.12,ATM,CN,4
HUMC.6,ATM,MUT_CN,2
HUMC.9,WT,WT,1
HUMC1,WT,WT,2
HUMC3,ATM,MUT_CN,6
HUMC4,ATM,MUT_CN,4
HUMC5,ATM,MUT_CN,1
IA.02,ATM,CN,1
IA04,ATM,MUT,0
IA1147,WT,WT,2
IA1857,ATM,MUT_CN,2
IA2084,WT,WT,0
IA2268,ATM,MUT_CN,8
IA2334,WT,WT,0
IA2745,ATM,CN,1
IA2852,ATM,MUT,1
IA4203,WT,WT,0
IA4227,ATM,MUT,1
IA4289,ATM,MUT,0
IA4885,TP53,MUT_CN,4
IA68,WT,WT,2
IA834,ATM,MUT_CN,0
S03.3,ATM,MUT_CN,2
S03.8,WT,WT,0
S06.166,ATM,MUT_CN,2
S87.4,WT,WT,0
S89.9,WT,WT,3
S92.5,ATM,MUT,1
S94.7,ATM,MUT_CN,4
SC01.10,WT,WT,4
SC02.11,TP53,MUT_CN,4
SC08.2,ATM,CN,1
SC86.6,TP53,MUT_CN,5
SPECS.1917,ATM,MUT,2
SPECS.3155,ATM,MUT,1
SPECS.3157,ATM,MUT_CN,7
SPECS.3163,ATM,MUT_CN,4
SPECS.3164,WT,WT,0
UNMC.18,ATM,MUT_CN,5
UNMC.20,ATM,MUT_CN,7
UNMC.23,WT,WT,2
UNMC.28,ATM,MUT,2
UNMC.37,WT,WT,2
UNMC.47,WT,WT,0
UNMC.48,ATM,MUT,2
UNMC.55,TP53,MUT_CN,6
UNMC.59,ATM,MUT_CN,4
UNMC.62,ATM,MUT,3
UNMC.7,ATM,MUT,1
UNMC.71.A5,WT,WT,0
UNMC.79.C1,WT,WT,2
UNMC.8,TP53,CN,4
WCM032,ATM,MUT,3
WCM041,WT,WT,0
WCM045,WT,WT,0
WCM062,ATM,MUT,2
BC04,TP53,MUT_CN,2
MCL-109,WT,WT,12
MCL-122,WT,WT,0
MCL-126,ATM,CN,2
MCL-128,WT,WT,4
MCL-14,ATM,MUT,0
MCL-146,WT,WT,0
MCL-24,WT,WT,4
MCL-25,WT,WT,0
MCL-28,ATM,MUT,8
MCL-33,ATM,MUT,12
MCL-35,WT,WT,4
MCL-37,ATM,MUT_CN,12
MCL-39,ATM,MUT_CN,6
MCL-40,ATM,MUT,4
MCL-42,ATM,MUT,9
MCL-45,WT,WT,0
MCL-61,WT,WT,2
MCL-71,WT,WT,4
MCL-75,WT,WT,2
MCL-98,WT,WT,5
HUMC7,ATM,MUT,0
